username;first_name;last_name;email;password
joao_silva;João;Silva;joao.silva@email.com;Jp#n4Rs
maria_santos;Maria;Santos;maria.santos@email.com;Ms!u7Qz
pedro_oliveira;Pedro;Oliveira;pedro.oliveira@email.com;Po#x8Yb
ana_rodrigues;Ana;Rodrigues;ana.rodrigues@email.com;Ar@k3Fp
luis_almeida;Luís;Almeida;luis.almeida@email.com;La$w9Gv
sandra_costa;Sandra;Costa;sandra.costa@email.com;Sc%z2Kh
carlos_pereira;Carlos;Pereira;carlos.pereira@email.com;Cp@q5Nj
patricia_fernandes;Patrícia;Fernandes;patricia.fernandes@email.com;Pf%e1Ui
ricardo_silveira;Ricardo;Silveira;ricardo.silveira@email.com;Rs@p6Lo
ana_clara;Ana;Clara;ana.clara@email.com;Ac!w7Md
rodrigo_souza;Rodrigo;Souza;rodrigo.souza@email.com;Rs#o8Pl
andre_oliveira;André;Oliveira;andre.oliveira@email.com;Ao$z9Jn
carla_silva;Carla;Silva;carla.silva@email.com;Cs%y5Gk
fernando_santos;Fernando;Santos;fernando.santos@email.com;Fs!t4Rj
andreia_rocha;Andreia;Rocha;andreia.rocha@email.com;Ar@u3Vh
marco_almeida;Marco;Almeida;marco.almeida@email.com;Ma#k6Xs
raquel_pereira;Raquel;Pereira;raquel.pereira@email.com;Rp$r9Bt
gustavo_oliveira;Gustavo;Oliveira;gustavo.oliveira@email.com;Go%x2Fn
luciana_rodrigues;Luciana;Rodrigues;luciana.rodrigues@email.com;Lr%j7Qm
mario_mendes;Mário;Mendes;mario.mendes@email.com;Mm#e3Rz
leticia_goncalves;Letícia;Gonçalves;leticia.goncalves@email.com;Lg@w5Op
andre_santos;André;Santos;andre.santos@email.com;As$o8Lx
cristina_ferreira;Cristina;Ferreira;cristina.ferreira@email.com;Cf!r4Dv
bruno_pereira;Bruno;Pereira;bruno.pereira@email.com;Bp@j9Ya
patricia_oliveira;Patrícia;Oliveira;patricia.oliveira@email.com;Po#t6Fu
marcos_fernandes;Marcos;Fernandes;marcos.fernandes@email.com;Mf$y2Sd
rosana_rodrigues;Rosana;Rodrigues;rosana.rodrigues@email.com;Rr%f1Zx
gabriel_rocha;Gabriel;Rocha;gabriel.rocha@email.com;Gr@k5Vc
marta_mendes;Marta;Mendes;marta.mendes@email.com;Mm#u7Hv
renata_oliveira;Renata;Oliveira;renata.oliveira@email.com;Ro@p3Jb
marcelo_goncalves;Marcelo;Gonçalves;marcelo.goncalves@email.com;Mg!w6Nl
ana_pereira;Ana;Pereira;ana.pereira@email.com;Ap#t4Xq
bruna_silva;Bruna;Silva;bruna.silva@email.com;Bs@r8Zw
gustavo_martins;Gustavo;Martins;gustavo.martins@email.com;Gm$o2Kx
carolina_almeida;Carolina;Almeida;carolina.almeida@email.com;Ca@u5Hn
marcos_silva;Marcos;Silva;marcos.silva@email.com;Ms#e6Qg
luciana_martins;Luciana;Martins;luciana.martins@email.com;Lm%z7Bf
tiago_rocha;Tiago;Rocha;tiago.rocha@email.com;Tr$j4Wp
patricia_silva;Patrícia;Silva;patricia.silva@email.com;Ps%t9Zo
roberto_goncalves;Roberto;Gonçalves;roberto.goncalves@email.com;Rg#r6Yu
ana_martins;Ana;Martins;ana.martins@email.com;Am!q3Ix
andre_silva;André;Silva;andre.silva@email.com;As@w8Fh
isabela_almeida;Isabela;Almeida;isabela.almeida@email.com;Ia%x5Dg
